first_name,last_name,address,date_of_birth
James,Schmidt,"270 Moreno Expressway Suite 440, Danielstad, CT 61614",1928-09-28
Joshua,Lopez,"229 Allison Well Suite 840, Port Brendamouth, MD 09627",1971-06-10
Margaret,Smith,"909 Chad Village, South Kennethmouth, NE 79621",1961-12-19
Stacie,Richards,"0510 Carl Drive Suite 535, New Travis, VI 90002",1976-06-22
Oscar,Caldwell,"18732 Melinda Walks Apt. 870, North William, NJ 73198",2023-09-21
Anthony,Baker,"52112 Zachary Views Apt. 193, Baileyhaven, NV 94883",1930-07-27
Chad,Gutierrez,"18045 Weaver Way Apt. 360, Maureenside, WI 55602",1920-03-14
Christopher,Berry,"96158 Jessica Highway, Teresaton, NE 32950",2018-07-21
Timothy,Morales,"72467 Woodward Trace, South Timothymouth, WY 69783",2015-01-31
Rebecca,Vasquez,"44726 Sanchez Spring, North Melanieburgh, PW 56401",1959-04-12
Kayla,Wood,"705 Chad Estates Suite 003, Samanthaport, KS 76816",1938-01-27
Katherine,Dominguez,"Unit 9549 Box 6508, DPO AP 36870",1941-01-25
Shawn,Johnson,"00475 Gabriel Lights Suite 279, Yorkstad, KY 83428",1985-08-20
Virginia,Swanson,"Unit 9928 Box 2551, DPO AE 98391",1910-04-05
Alan,Santos,"Unit 5450 Box 6334, DPO AA 82133",1965-08-05
Kristin,Wilson,"4919 Tina Path Suite 562, North Edward, WV 92064",1925-06-08
Andrew,Sullivan,"6059 Moore Shores Suite 717, Tiffanyton, NE 42990",1951-05-02
Donna,Wallace,"9258 Susan Pass, Carterview, ME 21160",1923-07-02
Michael,Jimenez,"USS Powell, FPO AA 32941",1993-04-09
Valerie,Barrera,"9650 Saunders Course, Port Christina, SD 84429",1956-01-11
Melinda,Cortez,"USNS Kaufman, FPO AE 50160",1982-06-30
Nathan,Gomez,"46503 Larry Lock, Ianchester, MN 56972",1910-04-05
Bradley,Hall,"6938 Robert Springs, East Leon, NH 94188",2023-01-13
Cristian,Sanchez,"85123 Keith Mountains, Smithview, VA 24178",1922-11-28
David,Munoz,"9609 Kelly Ports Apt. 763, Tylerbury, MA 42986",1987-11-18
Angel,Torres,"583 Cooper Courts Apt. 334, East Michelleshire, CA 30818",1963-11-20
Mary,Sloan,"PSC 3047, Box 4522, APO AE 81616",1925-06-09
Scott,Brennan,"17644 Fletcher Branch Apt. 910, East Patrick, VT 00680",1941-03-16
Tiffany,Thomas,"2375 Ashley Plaza, West Krystalmouth, WV 21129",1933-04-05
Dominique,Campbell,"690 Adam Stravenue Suite 332, Justintown, CA 65445",2012-09-07
Emily,Richardson,"8691 Alison Mills, Stoneberg, AZ 87925",1975-07-04
Terry,Medina,"580 Megan Freeway Apt. 734, Hendrixfurt, NH 89980",2019-09-16
Amy,White,"3917 Baxter Island, Rhondahaven, VA 57694",1943-02-06
Jessica,Marshall,"748 Richard Locks Apt. 847, Warrenchester, ME 08563",1987-06-10
Paul,Mason,"381 Paul Falls Suite 304, Jamesfurt, AS 72050",1991-03-26
Sara,Hess,"66930 Edwards Village, Williamport, UT 27373",1983-12-18
Rhonda,Campos,"Unit 5483 Box 0165, DPO AE 05138",1911-02-26
Stephen,Noble,"680 Long Trafficway, Stacystad, NY 53829",1933-03-05
John,Wagner,"403 Vincent Oval Suite 108, West Karenville, LA 37372",1977-04-06
Garrett,Levy,"8792 Thomas Causeway, Douglasmouth, NH 65334",1934-02-13
David,Smith,"1801 Hinton Camp Suite 051, Kathleenburgh, AS 18782",1993-05-31
Michael,Johnson,"5466 Alyssa Mill Suite 945, Shanebury, PW 82726",1921-06-08
Tracy,Alvarado,"314 Aaron Shoals, Davisbury, LA 78297",1940-05-30
Ashley,Thompson,"84878 Corey Lodge Suite 751, Lindaside, GA 09827",1966-09-21
Jonathan,Pena,"113 Ryan Hollow Suite 978, Nicholasborough, MP 88541",1980-05-12
John,Newman,"98523 Dana Hollow Apt. 474, Elizabethmouth, ME 70667",2001-12-28
Stephen,Wilson,"144 Nguyen Row Apt. 323, Tiffanyshire, FM 07345",1943-02-06
Steven,Chang,"Unit 4761 Box 2129, DPO AE 49513",1999-07-10
George,Bailey,"69056 Griffin Fork, Welchstad, MN 30626",1993-04-17
Christian,Stone,"USNV Silva, FPO AP 38476",1929-10-24
Billy,Alvarez,"28545 Hines Stream, Hubbardside, KS 24700",1958-07-13
Paul,Macias,"03598 Steven Square, Melissatown, IL 29994",2016-09-02
Joseph,Davis,"40486 Edwards Forest Apt. 950, Kimberlystad, OR 88457",2000-03-31
Julie,Jenkins,"804 Lopez Corners, North Anthony, AS 79292",1956-08-28
Bryan,Carr,"51199 Powell Falls, Port Matthewfurt, MH 25045",1915-03-24
Timothy,Perry,"279 Hansen Garden, Robertside, WA 73342",2003-12-08
Kelly,Phillips,"0457 Davis Fork Apt. 533, Kevinbury, NE 70658",1956-10-20
Christine,Johnson,"1441 Davis Plain, Keithmouth, PA 77482",1944-10-16
Jennifer,Camacho,"66992 Peck Motorway, North Mariahtown, ND 68929",1957-10-18
William,Rodriguez,"5051 Adam Causeway Suite 957, Stevemouth, PA 66765",1991-05-11
Zachary,Lawrence,"64400 Shelly Union Suite 692, South Michaelside, ME 08808",1963-06-08
Mark,Hinton,"02749 Kelly Mills Apt. 428, Port Jasminefort, MA 08847",2002-10-06
Leslie,Hill,"1380 Pace Road Suite 195, Daisyberg, LA 06824",1912-07-14
John,Nunez,"044 Ethan Haven, Simsborough, VT 23413",2005-10-16
Heather,Gregory,"72434 Bennett Brook Apt. 485, Evansbury, TX 06511",1951-01-02
Jeffrey,Parker,"514 Campbell Road, South John, WY 82924",1975-10-20
Lisa,Gaines,"384 Natasha Expressway, Davidside, AS 06417",1964-07-02
Vanessa,Wagner,"73789 Stephanie Crest, Port Melissatown, PW 53239",1908-10-18
Harry,Meza,"99399 Hannah Expressway, East Benjamin, CA 17602",1935-09-20
Randall,Roberts,"12487 Gibbs Flats, Port Sandraborough, MA 77175",2002-06-25
Teresa,Hawkins,"USNV Watts, FPO AP 20953",1939-12-02
Nicholas,Fields,"726 Anthony Dam, Lake Angelaport, NM 64668",1953-02-12
Donald,Lopez,"Unit 8680 Box 6399, DPO AE 82151",1912-03-26
Craig,Torres,"70533 Matthew Green, Tamaraton, UT 51694",1940-06-06
Joel,Edwards,"03729 Roman Stream, Sarahstad, WI 80790",1927-08-04
Brandon,Cox,"93885 Beck Circle, South Jenniferfort, IL 03491",1960-05-16
Karl,Wright,"0411 Brown Island, Lake Jennifer, MS 59151",1927-02-20
Michelle,King,"Unit 3372 Box 2037, DPO AE 40720",1926-03-21
Shawn,Jordan,"Unit 5379 Box 8111, DPO AE 37846",1910-10-21
Jeremy,Allen,"652 Teresa Canyon Apt. 135, Thomasborough, MS 99779",1921-08-25
Monica,Eaton,"USCGC Woods, FPO AP 25489",1956-06-08
Cynthia,Bell,"933 Wiggins Mills, Jacobshire, WV 78897",2024-06-18
Robert,Jimenez,"1633 Myers Wells Suite 234, Lake Tammystad, NC 33874",1928-09-20
Kari,Avila,"1467 Levine Ways, East Sherri, DC 50146",2015-05-11
Edward,White,"95639 Patricia Spurs, Roachmouth, MN 09068",2010-06-24
Jennifer,Williams,"94515 Sandra Falls Suite 378, Jasonborough, ND 75571",1992-06-18
Edward,Gomez,"1927 Natalie Prairie, Thomasfurt, GA 92281",1972-11-09
Laura,Cain,"17767 Brandon Lodge, Sandersview, SC 70541",2015-04-19
Philip,Holloway,"72890 Moore Center, Bradshawside, UT 03735",1997-06-21
Zachary,Olson,"6150 Walker Estates, New Christopherport, TX 61609",1999-09-07
Brian,Cannon,"68217 Carter Gateway Apt. 152, Foxmouth, MA 55871",1916-07-26
Michael,Burton,"6466 Williams Pine, Kimberlychester, OK 51110",1959-05-21
Joy,Johnson,"USNV Kelly, FPO AA 95999",1963-02-10
Sharon,Morales,"2908 Valencia Valley Apt. 001, Gilbertport, DE 85695",1929-03-28
Mark,Johnson,"650 King Harbors Suite 244, Oneillbury, NJ 14270",1958-11-05
Roger,Rodriguez,"2792 Dana Glen, South Henryport, MH 39474",1926-12-03
Robin,Pacheco,"PSC 1713, Box 2313, APO AE 02225",2013-01-25
Doris,Phillips,"870 Sanchez Crescent Suite 171, Laurenstad, SC 28030",1945-04-30
Johnny,Gregory,"1567 Sean Summit Suite 144, South Samuelberg, VI 43424",1990-11-30
Sandra,Williams,"USNV Miller, FPO AA 65581",1912-10-04
